{
  "model_name": "LoRA-r32",
  "rank": 32,
  "trainable_params": 6377472,
  "epoch_losses": [
    0.16320503234863282,
    0.1579100036621094,
    0.15591678619384766
  ],
  "epoch_times": [
    14.085471153259277,
    12.631681442260742,
    12.588998556137085
  ],
  "total_time": 39.37221598625183,
  "final_loss": 0.15591678619384766
}