{
  "model_name": "LoRA-r128",
  "rank": 128,
  "trainable_params": 25509888,
  "epoch_losses": [
    0.17344493865966798,
    0.1610247039794922,
    0.1563274383544922
  ],
  "epoch_times": [
    12.244240283966064,
    12.463993072509766,
    12.479185342788696
  ],
  "total_time": 37.27842879295349,
  "final_loss": 0.1563274383544922
}