{
  "model_name": "LoRA-r64",
  "rank": 64,
  "trainable_params": 12754944,
  "epoch_losses": [
    0.12794723510742187,
    0.16585861206054686,
    0.16327980041503906
  ],
  "epoch_times": [
    12.375945329666138,
    12.669038534164429,
    12.767266273498535
  ],
  "total_time": 37.898369550704956,
  "final_loss": 0.16327980041503906
}